airline,date_of_journey,source,destination,dep_time,arrival_time,duration,total_stops,additional_info,price
Air India,2019-03-24,Chennai,Kolkata,11:40:00,13:55:00,135,0.0,No Info,4405
Indigo,2019-06-27,Banglore,Delhi,22:10:00,01:00:00,170,0.0,No Info,3419
Indigo,2019-05-18,Kolkata,Banglore,08:10:00,13:00:00,290,1.0,No Info,5279
Indigo,2019-06-06,Delhi,Cochin,06:50:00,22:30:00,940,1.0,No Info,6674
Jet Airways,2019-05-27,Delhi,Cochin,11:30:00,12:35:00,1505,1.0,In-flight meal not included,12898
Jet Airways,2019-03-06,Banglore,New Delhi,05:45:00,12:25:00,400,1.0,No Info,22270
Spicejet,2019-03-27,Chennai,Kolkata,08:20:00,10:35:00,135,0.0,No check-in baggage included,3332
Jet Airways,2019-03-24,Kolkata,Banglore,13:55:00,16:20:00,1585,1.0,In-flight meal not included,10031
Jet Airways,2019-06-15,Delhi,Cochin,11:30:00,19:00:00,450,1.0,No Info,14714
Goair,2019-04-06,Banglore,Delhi,07:45:00,10:40:00,175,0.0,No Info,4632
Air India,2019-05-09,Kolkata,Banglore,10:00:00,05:25:00,1165,2.0,No Info,14424
Jet Airways,2019-05-12,Kolkata,Banglore,14:05:00,19:50:00,345,1.0,No Info,14781
Air India,2019-05-15,Kolkata,Banglore,16:50:00,07:55:00,905,1.0,No Info,8891
Jet Airways,2019-06-09,Kolkata,Banglore,14:05:00,23:35:00,570,1.0,In-flight meal not included,10844
Spicejet,2019-06-01,Kolkata,Banglore,06:55:00,09:30:00,155,0.0,No Info,3873
Indigo,2019-06-09,Chennai,Kolkata,11:35:00,14:00:00,145,0.0,No Info,3858
Indigo,2019-05-09,Banglore,Delhi,18:55:00,21:50:00,175,0.0,No Info,4823
Indigo,2019-05-01,Kolkata,Banglore,06:20:00,10:20:00,240,1.0,No Info,4226
Air India,2019-04-01,Kolkata,Banglore,10:00:00,01:20:00,920,2.0,No Info,10408
Jet Airways,2019-03-21,Delhi,Cochin,10:20:00,04:25:00,2525,2.0,No Info,11664
Jet Airways,2019-05-09,Kolkata,Banglore,14:05:00,18:15:00,1690,1.0,In-flight meal not included,7757
Jet Airways,2019-04-01,Kolkata,Banglore,08:25:00,18:15:00,590,1.0,No Info,12681
Jet Airways,2019-06-12,Kolkata,Banglore,14:05:00,04:40:00,875,1.0,No Info,12739
Jet Airways,2019-05-27,Delhi,Cochin,19:30:00,12:35:00,1025,2.0,No Info,15129
Air India,2019-05-01,Banglore,Delhi,10:00:00,12:45:00,165,0.0,No Info,6121
Indigo,2019-04-21,Delhi,Cochin,02:00:00,07:25:00,325,1.0,No Info,5636
Indigo,2019-05-06,Chennai,Kolkata,13:15:00,15:35:00,140,0.0,No Info,3597
Indigo,2019-05-15,Delhi,Cochin,09:15:00,01:30:00,975,1.0,No Info,7503
Jet Airways,2019-04-03,Delhi,Cochin,02:15:00,19:00:00,1005,1.0,In-flight meal not included,4757
Spicejet,2019-04-01,Banglore,Delhi,05:55:00,08:35:00,160,0.0,No Info,3971
Jet Airways,2019-04-01,Banglore,Delhi,15:15:00,18:10:00,175,0.0,In-flight meal not included,4544
Air India,2019-06-12,Delhi,Cochin,13:00:00,19:15:00,375,1.0,No Info,8372
Jet Airways,2019-03-12,Banglore,New Delhi,08:55:00,10:25:00,1530,1.0,In-flight meal not included,11087
Air India,2019-05-01,Kolkata,Banglore,12:00:00,07:55:00,1195,2.0,No Info,10151
Indigo,2019-03-27,Mumbai,Hyderabad,19:05:00,20:30:00,85,0.0,No Info,2754
Multiple Carriers,2019-03-21,Delhi,Cochin,06:00:00,21:00:00,900,1.0,No Info,9845
Jet Airways,2019-05-09,Delhi,Cochin,05:30:00,19:00:00,810,2.0,No Info,15129
Air India,2019-03-24,Kolkata,Banglore,13:55:00,23:15:00,2000,2.0,No Info,15292
Jet Airways,2019-06-12,Banglore,Delhi,17:45:00,20:45:00,180,0.0,In-flight meal not included,5769
Spicejet,2019-06-24,Banglore,Delhi,09:30:00,12:20:00,170,0.0,No Info,3625
Air India,2019-06-06,Delhi,Cochin,17:15:00,19:15:00,1560,2.0,No Info,12760
Air India,2019-05-12,Kolkata,Banglore,10:00:00,01:20:00,920,2.0,No Info,12140
Indigo,2019-05-27,Delhi,Cochin,14:25:00,17:40:00,195,0.0,No Info,6015
Air India,2019-05-18,Kolkata,Banglore,08:20:00,18:30:00,610,2.0,No Info,10907
Goair,2019-03-24,Kolkata,Banglore,22:25:00,07:40:00,555,1.0,No Info,10091
Jet Airways,2019-05-24,Kolkata,Banglore,14:05:00,22:35:00,510,1.0,In-flight meal not included,10844
Indigo,2019-05-21,Banglore,Delhi,10:10:00,13:00:00,170,0.0,No Info,3943
Jet Airways,2019-06-06,Mumbai,Hyderabad,19:35:00,21:05:00,90,0.0,In-flight meal not included,3210
Jet Airways,2019-06-06,Delhi,Cochin,22:50:00,19:00:00,1210,1.0,No Info,14714
Jet Airways,2019-06-15,Delhi,Cochin,21:50:00,12:35:00,885,1.0,In-flight meal not included,10262
Indigo,2019-03-27,Delhi,Cochin,07:30:00,15:30:00,480,1.0,No Info,8574
Air India,2019-04-01,Kolkata,Banglore,16:45:00,20:25:00,1660,2.0,No Info,9920
Air India,2019-06-03,Banglore,Delhi,10:00:00,12:45:00,165,0.0,No Info,6961
Indigo,2019-06-24,Delhi,Cochin,16:10:00,22:30:00,380,1.0,No Info,6412
Spicejet,2019-03-03,Delhi,Cochin,16:35:00,22:50:00,375,1.0,No Info,11726
Air India,2019-05-03,Banglore,Delhi,06:10:00,08:55:00,165,0.0,No Info,5228
Multiple Carriers,2019-03-21,Delhi,Cochin,07:00:00,13:20:00,380,1.0,No Info,9042
Indigo,2019-06-03,Delhi,Cochin,02:00:00,07:45:00,345,1.0,No Info,6386
Jet Airways,2019-06-24,Mumbai,Hyderabad,02:55:00,04:20:00,85,0.0,No Info,5678
Jet Airways,2019-05-01,Kolkata,Banglore,18:55:00,10:05:00,910,1.0,No Info,13941
Jet Airways,2019-03-24,Kolkata,Banglore,08:25:00,04:45:00,1220,1.0,In-flight meal not included,10031
Indigo,2019-03-15,Mumbai,Hyderabad,19:05:00,20:30:00,85,0.0,No Info,2754
Indigo,2019-03-09,Delhi,Cochin,20:30:00,01:35:00,305,1.0,No Info,6937
Multiple Carriers,2019-06-06,Delhi,Cochin,07:30:00,19:15:00,705,1.0,No Info,7354
Indigo,2019-04-15,Banglore,Delhi,18:25:00,21:20:00,175,0.0,No Info,4823
Vistara,2019-06-06,Chennai,Kolkata,07:05:00,09:20:00,135,0.0,No Info,3687
Multiple Carriers,2019-03-27,Delhi,Cochin,13:00:00,21:00:00,480,1.0,No Info,6883
Air India,2019-03-09,Banglore,New Delhi,17:00:00,19:45:00,165,0.0,No Info,10741
Indigo,2019-03-09,Banglore,New Delhi,16:50:00,21:35:00,285,1.0,No Info,10231
Jet Airways,2019-04-21,Banglore,Delhi,15:15:00,18:10:00,175,0.0,No Info,7229
Air India,2019-06-24,Delhi,Cochin,09:45:00,09:25:00,1420,2.0,No Info,10975
Multiple Carriers,2019-05-15,Delhi,Cochin,07:30:00,19:00:00,690,1.0,No Info,9315
Jet Airways,2019-03-18,Banglore,New Delhi,08:00:00,15:15:00,435,1.0,No Info,12284
Multiple Carriers,2019-06-03,Delhi,Cochin,10:00:00,19:00:00,540,1.0,No Info,14502
Jet Airways,2019-05-21,Banglore,Delhi,18:55:00,22:00:00,185,0.0,In-flight meal not included,4030
Jet Airways,2019-05-21,Delhi,Cochin,18:15:00,12:35:00,1100,1.0,In-flight meal not included,12898
Spicejet,2019-04-21,Kolkata,Banglore,06:55:00,09:30:00,155,0.0,No Info,4174
Spicejet,2019-04-01,Kolkata,Banglore,09:00:00,11:25:00,145,0.0,No check-in baggage included,3841
Jet Airways,2019-03-15,Mumbai,Hyderabad,02:55:00,04:25:00,90,0.0,In-flight meal not included,2071
Indigo,2019-06-12,Delhi,Cochin,07:35:00,12:10:00,275,1.0,No Info,5054
Spicejet,2019-05-01,Kolkata,Banglore,09:00:00,11:25:00,145,0.0,No check-in baggage included,3841
Jet Airways,2019-03-27,Delhi,Cochin,11:30:00,18:50:00,440,1.0,No Info,12242
Indigo,2019-03-21,Chennai,Kolkata,19:35:00,21:55:00,140,0.0,No Info,3384
Spicejet,2019-05-06,Banglore,Delhi,21:10:00,00:05:00,175,0.0,No check-in baggage included,3573
Indigo,2019-03-06,Delhi,Cochin,08:25:00,21:00:00,755,1.0,No Info,14871
Air Asia,2019-05-09,Banglore,Delhi,11:10:00,13:55:00,165,0.0,No Info,3383
Air India,2019-05-24,Kolkata,Banglore,20:45:00,23:20:00,155,0.0,No Info,4145
Indigo,2019-06-09,Kolkata,Banglore,15:30:00,18:05:00,155,0.0,No Info,5224
Air Asia,2019-03-09,Delhi,Cochin,16:45:00,07:10:00,865,1.0,No Info,8327
Air India,2019-05-24,Kolkata,Banglore,09:50:00,21:05:00,675,1.0,No Info,7662
Indigo,2019-04-24,Kolkata,Banglore,09:35:00,12:20:00,165,0.0,No Info,4804
Multiple Carriers,2019-05-15,Delhi,Cochin,03:50:00,12:35:00,525,1.0,No Info,10197
Indigo,2019-03-27,Delhi,Cochin,18:35:00,01:35:00,420,1.0,No Info,8574
Indigo,2019-03-12,Chennai,Kolkata,22:05:00,00:30:00,145,0.0,No Info,6297
Multiple Carriers,2019-03-21,Delhi,Cochin,06:00:00,13:20:00,440,1.0,No Info,11269
Air India,2019-03-06,Delhi,Cochin,17:15:00,09:25:00,970,2.0,No Info,9417
Indigo,2019-05-09,Banglore,Delhi,23:30:00,02:20:00,170,0.0,No Info,3943
Spicejet,2019-05-01,Kolkata,Banglore,17:10:00,19:40:00,150,0.0,No Info,4174
Air India,2019-05-12,Kolkata,Banglore,16:45:00,08:55:00,970,2.0,No Info,13437
Air India,2019-06-06,Kolkata,Banglore,16:50:00,05:35:00,765,2.0,No Info,11432
Goair,2019-04-09,Delhi,Cochin,07:25:00,13:20:00,355,1.0,No Info,4106
Air India,2019-03-06,Delhi,Cochin,12:30:00,09:25:00,1255,1.0,No Info,13832
Indigo,2019-06-03,Banglore,Delhi,13:00:00,15:50:00,170,0.0,No Info,3943
Jet Airways,2019-06-06,Kolkata,Banglore,08:25:00,04:40:00,1215,1.0,In-flight meal not included,8586
Air Asia,2019-06-09,Kolkata,Banglore,10:20:00,12:55:00,155,0.0,No Info,5645
Multiple Carriers,2019-06-06,Delhi,Cochin,08:00:00,19:00:00,660,1.0,No Info,12192
Jet Airways,2019-06-12,Delhi,Cochin,09:35:00,04:25:00,1130,2.0,No Info,13292
Multiple Carriers,2019-03-27,Delhi,Cochin,17:45:00,01:35:00,470,1.0,No Info,7845
Indigo,2019-03-01,Kolkata,Banglore,15:20:00,17:55:00,155,0.0,No Info,6565
Air India,2019-05-18,Kolkata,Banglore,07:00:00,01:20:00,1100,2.0,No Info,13873
Jet Airways,2019-04-15,Banglore,Delhi,11:10:00,14:05:00,175,0.0,No Info,7229
Jet Airways,2019-05-01,Kolkata,Banglore,18:55:00,08:15:00,800,1.0,In-flight meal not included,8586
Multiple Carriers,2019-06-01,Delhi,Cochin,17:00:00,01:30:00,510,1.0,No Info,7408
Indigo,2019-03-27,Delhi,Cochin,09:10:00,15:30:00,380,1.0,No Info,10141
Air India,2019-05-21,Mumbai,Hyderabad,15:00:00,16:25:00,85,0.0,No Info,3100
Air India,2019-03-21,Delhi,Cochin,20:40:00,09:25:00,765,1.0,No Info,5642
Multiple Carriers,2019-06-06,Delhi,Cochin,11:40:00,01:30:00,830,1.0,No Info,6795
Indigo,2019-03-21,Mumbai,Hyderabad,19:05:00,20:30:00,85,0.0,No Info,2754
Spicejet,2019-04-06,Kolkata,Banglore,22:20:00,00:40:00,140,0.0,No check-in baggage included,3841
Jet Airways,2019-03-21,Delhi,Cochin,19:45:00,18:50:00,1385,1.0,In-flight meal not included,5406
Multiple Carriers,2019-06-01,Delhi,Cochin,03:50:00,12:35:00,525,1.0,No Info,12192
Jet Airways,2019-03-24,Kolkata,Banglore,18:55:00,12:00:00,1025,1.0,In-flight meal not included,11134
Multiple Carriers,2019-05-18,Delhi,Cochin,09:45:00,16:10:00,385,1.0,No Info,9646
Air India,2019-04-15,Banglore,Delhi,21:05:00,23:55:00,170,0.0,No Info,5228
Spicejet,2019-05-12,Banglore,Delhi,05:55:00,08:35:00,160,0.0,No Info,3311
Jet Airways,2019-05-01,Kolkata,Banglore,21:10:00,09:20:00,730,1.0,No Info,14781
Air India,2019-04-09,Delhi,Cochin,05:10:00,08:00:00,170,0.0,No Info,4729
Jet Airways,2019-06-01,Delhi,Cochin,15:00:00,19:00:00,1680,1.0,No Info,14714
Jet Airways,2019-06-12,Delhi,Cochin,20:55:00,12:35:00,940,1.0,In-flight meal not included,10262
Jet Airways,2019-05-01,Kolkata,Banglore,20:00:00,09:20:00,800,1.0,In-flight meal not included,9663
Indigo,2019-04-27,Banglore,Delhi,13:00:00,15:50:00,170,0.0,No Info,4423
Multiple Carriers,2019-05-21,Delhi,Cochin,17:15:00,00:55:00,460,1.0,No Info,7858
Air India,2019-03-12,Banglore,New Delhi,07:30:00,11:05:00,1655,2.0,No Info,11602
Spicejet,2019-06-09,Kolkata,Banglore,11:35:00,18:50:00,435,1.0,No Info,8479
Jet Airways,2019-03-21,Delhi,Cochin,19:15:00,18:50:00,1415,2.0,In-flight meal not included,8938
Indigo,2019-06-03,Delhi,Cochin,07:35:00,12:10:00,275,1.0,No Info,6069
Jet Airways,2019-05-09,Kolkata,Banglore,20:25:00,18:00:00,1295,1.0,In-flight meal not included,9314
Multiple Carriers,2019-03-27,Delhi,Cochin,11:30:00,18:50:00,440,1.0,No Info,11200
Jet Airways,2019-06-12,Kolkata,Banglore,18:55:00,23:35:00,1720,1.0,In-flight meal not included,8529
Jet Airways,2019-03-21,Banglore,New Delhi,11:40:00,23:00:00,680,1.0,In-flight meal not included,6992
Indigo,2019-05-12,Banglore,Delhi,00:30:00,03:25:00,175,0.0,No Info,3943
Indigo,2019-03-03,Banglore,New Delhi,14:25:00,19:25:00,300,1.0,No Info,11873
Air India,2019-05-21,Banglore,Delhi,10:00:00,12:45:00,165,0.0,No Info,6961
Indigo,2019-06-12,Delhi,Cochin,10:35:00,01:30:00,895,1.0,No Info,5883
Jet Airways,2019-06-09,Mumbai,Hyderabad,10:20:00,11:50:00,90,0.0,No Info,5678
Vistara,2019-05-03,Chennai,Kolkata,07:05:00,09:20:00,135,0.0,No Info,3687
Vistara,2019-03-18,Delhi,Cochin,14:55:00,17:50:00,175,0.0,No Info,5586
Goair,2019-06-09,Delhi,Cochin,10:35:00,19:35:00,540,1.0,No Info,5281
Spicejet,2019-04-15,Delhi,Cochin,08:45:00,13:15:00,270,1.0,No Info,5830
Jet Airways,2019-06-06,Delhi,Cochin,09:00:00,19:00:00,600,1.0,No Info,14714
Air India,2019-03-21,Delhi,Cochin,10:00:00,19:15:00,555,1.0,No Info,7934
Jet Airways,2019-06-06,Delhi,Cochin,16:00:00,19:00:00,1620,1.0,In-flight meal not included,10262
Jet Airways,2019-05-24,Kolkata,Banglore,16:30:00,19:50:00,1640,1.0,In-flight meal not included,10844
Vistara,2019-04-01,Kolkata,Banglore,20:20:00,18:50:00,1350,1.0,No Info,7927
Air Asia,2019-05-03,Banglore,Delhi,04:55:00,07:45:00,170,0.0,No Info,6181
Vistara,2019-03-21,Banglore,New Delhi,16:00:00,18:35:00,155,0.0,No Info,5613
Air India,2019-03-24,Kolkata,Banglore,20:30:00,16:15:00,1185,1.0,No Info,12173
Jet Airways,2019-05-18,Kolkata,Banglore,17:00:00,14:25:00,1285,1.0,No Info,13067
Jet Airways,2019-06-24,Delhi,Cochin,02:15:00,04:25:00,1570,1.0,In-flight meal not included,10262
Indigo,2019-03-03,Delhi,Cochin,09:10:00,01:35:00,985,1.0,No Info,14871
Indigo,2019-06-18,Mumbai,Hyderabad,06:25:00,07:55:00,90,0.0,No Info,4049
Air India,2019-04-03,Kolkata,Banglore,20:45:00,23:20:00,155,0.0,No Info,4460
Multiple Carriers,2019-05-27,Delhi,Cochin,18:00:00,01:30:00,450,1.0,No Info,7198
Multiple Carriers,2019-06-12,Delhi,Cochin,10:20:00,19:15:00,535,1.0,No Info,8266
Spicejet,2019-05-27,Banglore,Delhi,21:10:00,00:05:00,175,0.0,No check-in baggage included,3257
Air India,2019-05-18,Delhi,Cochin,17:20:00,09:25:00,965,1.0,No Info,7690
Jet Airways,2019-05-21,Kolkata,Banglore,21:10:00,08:15:00,665,1.0,No Info,14781
Indigo,2019-06-24,Delhi,Cochin,15:10:00,20:00:00,290,1.0,No Info,6147
Jet Airways,2019-06-12,Delhi,Cochin,11:30:00,19:00:00,450,1.0,No Info,14714
Spicejet,2019-03-24,Banglore,New Delhi,20:30:00,23:20:00,170,0.0,No check-in baggage included,5469
Indigo,2019-03-24,Kolkata,Banglore,15:10:00,20:15:00,305,1.0,No Info,6762
Air India,2019-05-09,Delhi,Cochin,19:45:00,19:15:00,1410,2.0,No Info,10178
Jet Airways,2019-06-06,Kolkata,Banglore,08:25:00,18:15:00,590,1.0,In-flight meal not included,10844
Jet Airways,2019-03-06,Banglore,New Delhi,11:40:00,09:30:00,1310,1.0,No Info,17261
Air India,2019-06-09,Delhi,Cochin,21:00:00,19:15:00,1335,1.0,No Info,8372
Jet Airways,2019-05-15,Kolkata,Banglore,20:00:00,04:40:00,520,1.0,No Info,13941
Air India,2019-04-15,Banglore,Delhi,13:20:00,16:10:00,170,0.0,No Info,5228
Multiple Carriers,2019-06-15,Delhi,Cochin,06:00:00,21:00:00,900,1.0,No Info,7005
Air India,2019-05-06,Kolkata,Banglore,16:50:00,15:05:00,1335,2.0,No Info,12434
Jet Airways,2019-05-15,Kolkata,Banglore,08:25:00,20:45:00,740,1.0,No Info,14781
Air India,2019-04-01,Kolkata,Banglore,09:25:00,10:30:00,1505,2.0,No Info,12009
Air India,2019-05-18,Delhi,Cochin,12:55:00,19:15:00,1820,2.0,No Info,13696
Jet Airways,2019-03-21,Delhi,Cochin,02:15:00,04:25:00,1570,1.0,No Info,12719
Air India,2019-03-12,Banglore,New Delhi,06:45:00,23:15:00,990,1.0,No Info,11602
Indigo,2019-03-15,Kolkata,Banglore,05:30:00,08:20:00,170,0.0,No Info,4148
Indigo,2019-03-24,Banglore,New Delhi,06:00:00,08:45:00,165,0.0,No Info,4777
Jet Airways,2019-03-27,Delhi,Cochin,16:00:00,04:25:00,745,1.0,No Info,12242
Multiple Carriers,2019-06-09,Delhi,Cochin,08:00:00,19:00:00,660,1.0,No Info,12192
Vistara,2019-03-21,Banglore,New Delhi,07:00:00,09:40:00,160,0.0,No Info,5403
Jet Airways,2019-06-01,Delhi,Cochin,09:00:00,19:00:00,600,1.0,No Info,14714
Jet Airways,2019-05-06,Kolkata,Banglore,20:25:00,19:10:00,1365,1.0,No Info,13067
Air India,2019-05-15,Kolkata,Banglore,16:45:00,08:55:00,970,2.0,No Info,14960
Jet Airways,2019-05-27,Delhi,Cochin,19:10:00,12:35:00,1045,2.0,No Info,15129
Indigo,2019-06-06,Banglore,Delhi,18:55:00,21:50:00,175,0.0,No Info,4990
Goair,2019-06-24,Banglore,Delhi,07:45:00,10:40:00,175,0.0,No Info,3898
Air India,2019-06-21,Kolkata,Banglore,14:15:00,16:45:00,150,0.0,No Info,5510
Air India,2019-05-18,Banglore,Delhi,13:20:00,16:10:00,170,0.0,No Info,6121
Multiple Carriers,2019-05-21,Delhi,Cochin,08:00:00,19:15:00,675,1.0,No Info,15058
Jet Airways,2019-05-21,Delhi,Cochin,22:50:00,04:25:00,335,1.0,No Info,16079
Jet Airways,2019-03-18,Banglore,New Delhi,22:50:00,09:00:00,610,1.0,In-flight meal not included,11087
Air India,2019-06-18,Delhi,Cochin,18:05:00,21:10:00,185,0.0,No Info,5201
Jet Airways,2019-05-12,Kolkata,Banglore,08:25:00,09:20:00,1495,1.0,In-flight meal not included,9663
Jet Airways,2019-03-06,Delhi,Cochin,23:05:00,19:45:00,1240,1.0,No Info,17024
Indigo,2019-03-27,Delhi,Cochin,15:00:00,01:35:00,635,1.0,No Info,8075
Indigo,2019-05-01,Kolkata,Banglore,20:20:00,22:55:00,155,0.0,No Info,4804
Spicejet,2019-05-09,Mumbai,Hyderabad,13:15:00,14:45:00,90,0.0,No Info,2227
Air India,2019-03-21,Kolkata,Banglore,14:15:00,16:45:00,150,0.0,No Info,5170
Jet Airways,2019-03-03,Delhi,Cochin,17:30:00,04:25:00,655,1.0,No Info,17024
Indigo,2019-06-09,Delhi,Cochin,09:15:00,21:00:00,705,1.0,No Info,6838
Multiple Carriers,2019-06-15,Delhi,Cochin,11:25:00,19:00:00,455,1.0,No Info,10877
Air India,2019-04-01,Kolkata,Banglore,16:50:00,07:55:00,905,1.0,No Info,7893
Vistara,2019-03-06,Mumbai,Hyderabad,21:55:00,22:55:00,1500,1.0,No Info,12395
Jet Airways,2019-03-12,Banglore,New Delhi,20:35:00,18:25:00,1310,1.0,In-flight meal not included,11087
Air India,2019-06-09,Delhi,Cochin,17:15:00,19:15:00,1560,2.0,No Info,12199
Indigo,2019-03-09,Chennai,Kolkata,22:05:00,00:25:00,140,0.0,No Info,6297
Indigo,2019-05-12,Mumbai,Hyderabad,21:20:00,22:50:00,90,0.0,No Info,2227
Indigo,2019-03-01,Banglore,New Delhi,16:50:00,21:35:00,285,1.0,No Info,13302
Jet Airways,2019-03-18,Banglore,New Delhi,11:40:00,19:10:00,450,1.0,No Info,14815
Jet Airways,2019-05-21,Delhi,Cochin,10:00:00,12:35:00,1595,1.0,In-flight meal not included,12898
Multiple Carriers,2019-03-21,Delhi,Cochin,06:00:00,12:35:00,395,1.0,No Info,13369
Jet Airways,2019-06-12,Kolkata,Banglore,08:25:00,18:15:00,590,1.0,No Info,13626
Jet Airways,2019-06-15,Delhi,Cochin,18:15:00,12:35:00,1100,1.0,In-flight meal not included,10262
Jet Airways,2019-05-27,Delhi,Cochin,02:15:00,19:00:00,1005,1.0,In-flight meal not included,12898
Indigo,2019-05-15,Delhi,Cochin,05:35:00,08:50:00,195,0.0,No Info,6015
Air India,2019-03-03,Banglore,New Delhi,00:30:00,08:45:00,495,1.0,No Info,11392
Indigo,2019-04-03,Mumbai,Hyderabad,19:05:00,20:35:00,90,0.0,No Info,2754
Jet Airways,2019-05-27,Delhi,Cochin,09:40:00,12:35:00,1615,2.0,No Info,15129
Jet Airways,2019-06-24,Delhi,Cochin,16:00:00,12:35:00,1235,1.0,In-flight meal not included,10262
Multiple Carriers,2019-05-15,Delhi,Cochin,15:00:00,01:30:00,630,1.0,No Info,13727
Indigo,2019-05-09,Delhi,Cochin,09:15:00,01:30:00,975,1.0,No Info,8854
Spicejet,2019-06-18,Banglore,Delhi,05:55:00,08:35:00,160,0.0,No Info,3625
Goair,2019-06-09,Kolkata,Banglore,23:30:00,07:45:00,495,1.0,No Info,6354
Multiple Carriers,2019-06-12,Delhi,Cochin,17:45:00,01:30:00,465,1.0,No Info,6795
Multiple Carriers,2019-05-18,Delhi,Cochin,09:15:00,19:15:00,600,1.0,No Info,8309
Multiple Carriers,2019-06-24,Delhi,Cochin,08:45:00,19:00:00,615,1.0,No Info,12524
Indigo,2019-04-03,Banglore,Delhi,21:15:00,00:15:00,180,0.0,No Info,3943
Jet Airways,2019-06-09,Kolkata,Banglore,18:55:00,08:15:00,800,1.0,No Info,14939
Jet Airways,2019-03-12,Banglore,New Delhi,16:55:00,23:00:00,365,1.0,No Info,13817
Multiple Carriers,2019-03-06,Delhi,Cochin,09:00:00,21:00:00,720,1.0,No Info,15078
Indigo,2019-03-09,Kolkata,Banglore,20:25:00,23:05:00,160,0.0,No Info,4148
Jet Airways,2019-05-01,Kolkata,Banglore,14:05:00,12:00:00,1315,1.0,In-flight meal not included,9663
Multiple Carriers,2019-05-15,Delhi,Cochin,19:00:00,01:30:00,390,1.0,No Info,8073
Air India,2019-03-12,Chennai,Kolkata,11:40:00,13:55:00,135,0.0,No Info,7082
Jet Airways,2019-05-18,Banglore,Delhi,08:20:00,11:20:00,180,0.0,In-flight meal not included,6144
Air India,2019-05-21,Delhi,Cochin,17:40:00,08:15:00,875,1.0,No Info,8151
Indigo,2019-03-09,Delhi,Cochin,04:45:00,21:00:00,975,1.0,No Info,10518
Indigo,2019-04-27,Delhi,Cochin,02:00:00,07:45:00,345,1.0,No Info,7173
Jet Airways,2019-05-12,Kolkata,Banglore,16:30:00,12:00:00,1170,1.0,In-flight meal not included,10844
Multiple Carriers,2019-03-27,Delhi,Cochin,10:45:00,19:15:00,510,1.0,No Info,7154
Goair,2019-04-24,Banglore,Delhi,07:45:00,10:40:00,175,0.0,No Info,4632
Air India,2019-05-09,Delhi,Cochin,17:15:00,07:40:00,865,2.0,No Info,13039
Jet Airways,2019-06-09,Delhi,Cochin,07:05:00,12:35:00,330,1.0,In-flight meal not included,10262
Indigo,2019-06-15,Banglore,Delhi,10:30:00,13:20:00,170,0.0,No Info,3943
Spicejet,2019-05-09,Kolkata,Banglore,06:55:00,09:30:00,155,0.0,No Info,3873
Indigo,2019-03-15,Delhi,Cochin,05:35:00,08:50:00,195,0.0,No Info,5406
Air India,2019-03-06,Mumbai,Hyderabad,06:10:00,21:15:00,905,1.0,No Info,16666
Vistara,2019-06-03,Banglore,Delhi,19:30:00,22:15:00,165,0.0,No Info,4878
Air Asia,2019-05-21,Kolkata,Banglore,15:10:00,23:30:00,500,2.0,No Info,5192
Multiple Carriers,2019-03-21,Delhi,Cochin,09:00:00,21:00:00,720,1.0,No Info,13062
Multiple Carriers,2019-05-06,Delhi,Cochin,09:00:00,19:00:00,600,1.0,No Info,10407
Air India,2019-05-21,Delhi,Cochin,18:05:00,21:10:00,185,0.0,No Info,6094
Jet Airways,2019-06-24,Delhi,Cochin,20:00:00,04:25:00,505,2.0,No Info,14300
Spicejet,2019-05-27,Kolkata,Banglore,06:55:00,09:30:00,155,0.0,No check-in baggage included,3841
Jet Airways,2019-05-09,Delhi,Cochin,13:25:00,12:35:00,1390,2.0,No Info,16704
Indigo,2019-05-15,Banglore,Delhi,10:10:00,13:00:00,170,0.0,No Info,3943
Spicejet,2019-05-03,Banglore,Delhi,05:55:00,08:35:00,160,0.0,No Info,3625
Spicejet,2019-03-09,Mumbai,Hyderabad,05:45:00,07:05:00,80,0.0,No Info,4391
Air India,2019-06-15,Delhi,Cochin,03:50:00,19:15:00,925,1.0,No Info,9929
Air Asia,2019-04-21,Delhi,Cochin,07:55:00,22:25:00,870,1.0,No Info,7452
Jet Airways,2019-06-01,Delhi,Cochin,11:30:00,19:00:00,450,1.0,No Info,14714
Jet Airways,2019-03-01,Banglore,New Delhi,18:40:00,09:00:00,860,1.0,No Info,31825
Air Asia,2019-05-21,Delhi,Cochin,16:45:00,07:10:00,865,1.0,No Info,8327
Multiple Carriers,2019-06-03,Delhi,Cochin,13:00:00,21:00:00,480,1.0,No Info,7408
Air India,2019-06-09,Kolkata,Banglore,05:50:00,23:15:00,1045,2.0,No Info,12723
Indigo,2019-06-27,Kolkata,Banglore,20:25:00,23:10:00,165,0.0,No Info,4804
Jet Airways,2019-05-09,Delhi,Cochin,19:30:00,12:35:00,1025,2.0,No Info,15129
Multiple Carriers,2019-03-06,Delhi,Cochin,11:30:00,18:50:00,440,1.0,No Info,15135
Indigo,2019-03-09,Banglore,New Delhi,18:25:00,21:20:00,175,0.0,No Info,6860
Indigo,2019-06-03,Delhi,Cochin,07:35:00,16:10:00,515,1.0,No Info,7514
Indigo,2019-05-21,Kolkata,Banglore,17:35:00,22:15:00,280,1.0,No Info,5386
Indigo,2019-06-06,Chennai,Kolkata,14:45:00,17:05:00,140,0.0,No Info,3597
Indigo,2019-03-27,Delhi,Cochin,06:40:00,22:20:00,940,1.0,No Info,6442
Goair,2019-03-15,Banglore,New Delhi,07:45:00,10:40:00,175,0.0,No Info,5706
Air India,2019-06-01,Delhi,Cochin,09:45:00,23:00:00,795,1.0,No Info,8907
Indigo,2019-04-12,Kolkata,Banglore,15:30:00,18:05:00,155,0.0,No Info,4174
Air India,2019-03-27,Mumbai,Hyderabad,13:55:00,15:25:00,90,0.0,No Info,2050
Indigo,2019-06-21,Banglore,Delhi,21:15:00,00:15:00,180,0.0,No Info,3943
Indigo,2019-05-18,Mumbai,Hyderabad,19:05:00,20:35:00,90,0.0,No Info,2754
Jet Airways,2019-06-06,Kolkata,Banglore,08:25:00,16:20:00,475,1.0,No Info,14571
Air India,2019-06-06,Delhi,Cochin,07:05:00,09:25:00,1580,2.0,No Info,11447
Multiple Carriers,2019-06-12,Delhi,Cochin,13:00:00,21:00:00,480,1.0,No Info,7408
Multiple Carriers,2019-05-21,Delhi,Cochin,11:40:00,19:15:00,455,1.0,No Info,8266
Air India,2019-06-03,Delhi,Cochin,06:50:00,07:40:00,1490,2.0,No Info,13381
Jet Airways,2019-04-01,Mumbai,Hyderabad,19:35:00,21:05:00,90,0.0,No Info,5678
Jet Airways,2019-05-12,Kolkata,Banglore,20:00:00,08:15:00,735,1.0,No Info,13941
Air India,2019-05-24,Kolkata,Banglore,09:25:00,01:20:00,955,2.0,No Info,12718
Jet Airways,2019-06-03,Delhi,Cochin,18:15:00,19:00:00,1485,1.0,In-flight meal not included,10262
Jet Airways,2019-03-27,Delhi,Cochin,20:50:00,04:25:00,455,1.0,No Info,12242
Indigo,2019-06-03,Delhi,Cochin,23:30:00,04:35:00,305,1.0,No Info,11378
Jet Airways,2019-06-15,Delhi,Cochin,09:40:00,19:00:00,560,2.0,No Info,13014
Multiple Carriers,2019-03-27,Delhi,Cochin,08:55:00,21:00:00,725,1.0,No Info,8055
Vistara,2019-05-15,Kolkata,Banglore,07:10:00,22:40:00,930,1.0,No Info,8452
Jet Airways,2019-03-21,Delhi,Cochin,07:05:00,18:50:00,705,1.0,No Info,12767
Jet Airways,2019-06-09,Kolkata,Banglore,17:00:00,22:05:00,1745,1.0,In-flight meal not included,10539
Multiple Carriers,2019-05-18,Delhi,Cochin,10:20:00,21:00:00,640,1.0,No Info,7670
Indigo,2019-03-09,Delhi,Cochin,06:40:00,16:10:00,570,1.0,No Info,6442
Indigo,2019-04-03,Delhi,Cochin,02:00:00,07:25:00,325,1.0,No Info,4744
Multiple Carriers,2019-03-27,Delhi,Cochin,19:00:00,01:35:00,395,1.0,No Info,7845
Air India,2019-04-03,Delhi,Cochin,14:10:00,17:10:00,180,0.0,No Info,4729
Indigo,2019-03-09,Banglore,New Delhi,07:30:00,12:20:00,290,1.0,No Info,5694
Multiple Carriers,2019-03-06,Delhi,Cochin,08:55:00,18:50:00,595,1.0,No Info,15411
Jet Airways,2019-04-15,Delhi,Cochin,11:30:00,19:00:00,450,1.0,In-flight meal not included,6542
Air India,2019-06-09,Banglore,Delhi,06:10:00,08:55:00,165,0.0,No Info,6961
Multiple Carriers,2019-06-06,Delhi,Cochin,17:00:00,01:30:00,510,1.0,No Info,7198
Jet Airways,2019-06-15,Delhi,Cochin,09:25:00,04:25:00,1140,2.0,No Info,13882
Vistara,2019-04-12,Banglore,Delhi,11:30:00,14:20:00,170,0.0,No Info,5403
Air India,2019-03-24,Banglore,New Delhi,21:05:00,23:55:00,170,0.0,No Info,4441
Jet Airways,2019-03-24,Kolkata,Banglore,13:55:00,22:35:00,520,1.0,In-flight meal not included,11134
Vistara,2019-04-27,Banglore,Delhi,17:00:00,19:35:00,155,0.0,No Info,5613
Jet Airways,2019-03-06,Banglore,New Delhi,11:40:00,11:25:00,1425,1.0,No Info,17261
Spicejet,2019-03-18,Kolkata,Banglore,22:20:00,00:40:00,140,0.0,No Info,3847
Jet Airways,2019-03-24,Mumbai,Hyderabad,10:20:00,11:50:00,90,0.0,In-flight meal not included,2759
Jet Airways,2019-06-03,Banglore,Delhi,11:10:00,14:05:00,175,0.0,No Info,8016
Air Asia,2019-05-12,Banglore,Delhi,04:55:00,07:45:00,170,0.0,No Info,4282
Jet Airways,2019-05-15,Kolkata,Banglore,16:30:00,04:40:00,730,1.0,In-flight meal not included,10844
Spicejet,2019-05-18,Mumbai,Hyderabad,05:45:00,07:15:00,90,0.0,No Info,2017
Air India,2019-05-21,Delhi,Cochin,12:30:00,09:25:00,1255,1.0,No Info,7480
Multiple Carriers,2019-05-15,Delhi,Cochin,09:00:00,21:00:00,720,1.0,No Info,8073
Multiple Carriers,2019-06-24,Delhi,Cochin,07:05:00,16:10:00,545,1.0,No Info,9856
Jet Airways,2019-04-09,Banglore,Delhi,19:50:00,22:50:00,180,0.0,No Info,7229
Air India,2019-06-12,Chennai,Kolkata,11:40:00,13:55:00,135,0.0,No Info,4667
Jet Airways,2019-03-01,Banglore,New Delhi,18:40:00,09:30:00,890,1.0,1 Long layover,31825
Air India,2019-03-06,Delhi,Cochin,08:00:00,19:15:00,675,1.0,No Info,15284
Air India,2019-06-09,Kolkata,Banglore,09:50:00,23:15:00,805,3.0,No Info,14960
Jet Airways,2019-05-09,Delhi,Cochin,15:00:00,12:35:00,1295,1.0,In-flight meal not included,12373
Indigo,2019-03-21,Delhi,Cochin,17:10:00,01:35:00,505,1.0,No Info,7318
Spicejet,2019-04-03,Kolkata,Banglore,09:00:00,11:25:00,145,0.0,No Info,3873
Indigo,2019-05-27,Delhi,Cochin,21:50:00,03:35:00,345,1.0,No Info,6769
Air India,2019-03-03,Mumbai,Hyderabad,21:05:00,22:25:00,80,0.0,No Info,4937
Indigo,2019-06-27,Chennai,Kolkata,14:45:00,17:05:00,140,0.0,No Info,3597
Jet Airways,2019-05-27,Banglore,Delhi,06:00:00,08:45:00,165,0.0,No Info,7229
Air India,2019-05-12,Kolkata,Banglore,07:00:00,01:20:00,1100,2.0,No Info,13243
Multiple Carriers,2019-03-06,Delhi,Cochin,08:55:00,21:00:00,725,1.0,No Info,15147
Jet Airways,2019-05-01,Kolkata,Banglore,18:55:00,10:05:00,910,1.0,In-flight meal not included,8586
Multiple Carriers,2019-03-06,Delhi,Cochin,08:55:00,15:30:00,395,1.0,No Info,15147
Multiple Carriers,2019-05-09,Delhi,Cochin,13:00:00,21:00:00,480,1.0,No Info,8073
Jet Airways,2019-06-12,Delhi,Cochin,08:10:00,04:25:00,1215,2.0,No Info,14300
Air India,2019-03-24,Kolkata,Banglore,05:55:00,23:15:00,2480,2.0,No Info,13990
Air India,2019-06-27,Delhi,Cochin,13:15:00,09:25:00,1210,2.0,No Info,8839
Jet Airways,2019-06-09,Delhi,Cochin,19:30:00,04:25:00,535,2.0,In-flight meal not included,10368
Air India,2019-04-03,Mumbai,Hyderabad,19:30:00,20:45:00,75,0.0,No Info,2050
Jet Airways,2019-03-01,Banglore,New Delhi,11:40:00,21:20:00,580,1.0,1 Long layover,27992
Jet Airways,2019-03-27,Delhi,Cochin,08:00:00,18:50:00,650,1.0,In-flight meal not included,6068
Indigo,2019-03-21,Delhi,Cochin,04:45:00,13:20:00,515,1.0,No Info,7738
Air India,2019-06-09,Kolkata,Banglore,05:50:00,12:30:00,1840,2.0,No Info,12723
Indigo,2019-06-01,Delhi,Cochin,11:25:00,21:00:00,575,1.0,No Info,6416
Spicejet,2019-05-15,Kolkata,Banglore,08:35:00,17:15:00,520,1.0,No Info,6381
Jet Airways,2019-06-24,Delhi,Cochin,14:35:00,04:25:00,830,2.0,No Info,13376
Jet Airways,2019-06-27,Delhi,Cochin,09:40:00,12:35:00,1615,2.0,In-flight meal not included,11118
Indigo,2019-03-09,Delhi,Cochin,21:05:00,01:45:00,280,1.0,No Info,6937
Jet Airways,2019-05-09,Delhi,Cochin,13:00:00,12:35:00,1415,1.0,In-flight meal not included,12373
Air India,2019-05-09,Delhi,Cochin,09:45:00,23:00:00,795,1.0,No Info,7174
Jet Airways,2019-05-12,Kolkata,Banglore,18:55:00,19:50:00,1495,1.0,In-flight meal not included,10844
Goair,2019-03-03,Banglore,New Delhi,15:45:00,20:15:00,270,1.0,No Info,8352
Multiple Carriers,2019-05-09,Delhi,Cochin,17:45:00,01:30:00,465,1.0,No Info,9021
Air India,2019-03-21,Delhi,Cochin,17:15:00,19:15:00,1560,2.0,No Info,8770
Multiple Carriers,2019-03-21,Delhi,Cochin,08:55:00,15:30:00,395,1.0,No Info,11269
Air India,2019-05-21,Delhi,Cochin,05:10:00,08:00:00,170,0.0,No Info,6094
Air India,2019-03-09,Delhi,Cochin,05:55:00,19:15:00,800,2.0,No Info,18736
Vistara,2019-06-06,Kolkata,Banglore,07:10:00,10:45:00,1655,1.0,No Info,9187
Multiple Carriers,2019-03-03,Delhi,Cochin,07:10:00,22:20:00,910,1.0,In-flight meal not included,11125
Indigo,2019-06-12,Delhi,Cochin,08:35:00,16:10:00,455,1.0,No Info,6442
Indigo,2019-03-27,Mumbai,Hyderabad,21:20:00,22:45:00,85,0.0,No Info,2227
Air India,2019-05-15,Delhi,Cochin,05:10:00,08:00:00,170,0.0,No Info,6094
Indigo,2019-03-24,Kolkata,Banglore,04:15:00,09:50:00,335,1.0,No Info,4150
Air Asia,2019-03-09,Delhi,Cochin,20:10:00,07:10:00,660,1.0,No Info,8327
Air India,2019-03-03,Mumbai,Hyderabad,13:55:00,15:25:00,90,0.0,No Info,6092
Indigo,2019-06-01,Kolkata,Banglore,22:15:00,00:50:00,155,0.0,No Info,4804
Air India,2019-04-21,Delhi,Cochin,20:30:00,08:15:00,705,1.0,No Info,7258
Jet Airways,2019-05-21,Kolkata,Banglore,18:55:00,04:40:00,585,1.0,No Info,14388
Jet Airways,2019-05-24,Kolkata,Banglore,20:00:00,09:20:00,800,1.0,In-flight meal not included,10844
Indigo,2019-05-21,Mumbai,Hyderabad,16:55:00,18:25:00,90,0.0,No Info,3175
Jet Airways,2019-05-15,Kolkata,Banglore,21:10:00,10:05:00,775,1.0,No Info,15149
Multiple Carriers,2019-06-06,Delhi,Cochin,16:00:00,01:30:00,570,1.0,No Info,13377
Jet Airways,2019-05-24,Kolkata,Banglore,18:55:00,16:20:00,1285,1.0,In-flight meal not included,10844
Indigo,2019-04-03,Banglore,Delhi,16:55:00,19:55:00,180,0.0,No Info,4823
Jet Airways,2019-03-18,Banglore,New Delhi,11:40:00,10:25:00,1365,1.0,In-flight meal not included,11087
Indigo,2019-03-27,Delhi,Cochin,02:05:00,07:25:00,320,1.0,No Info,4744
Spicejet,2019-03-27,Chennai,Kolkata,08:20:00,10:35:00,135,0.0,No Info,3384
Spicejet,2019-04-21,Banglore,Delhi,05:55:00,08:35:00,160,0.0,No check-in baggage included,4319
Spicejet,2019-04-03,Mumbai,Hyderabad,05:45:00,07:15:00,90,0.0,No check-in baggage included,1965
Jet Airways,2019-06-27,Delhi,Cochin,06:45:00,12:35:00,1790,2.0,No Info,13376
Jet Airways,2019-05-09,Banglore,Delhi,18:55:00,22:00:00,185,0.0,In-flight meal not included,3702
Air India,2019-05-24,Kolkata,Banglore,19:00:00,04:40:00,580,1.0,No Info,6327
Air India,2019-05-09,Delhi,Cochin,10:55:00,19:15:00,500,2.0,No Info,11753
Multiple Carriers,2019-06-27,Delhi,Cochin,07:10:00,16:10:00,540,1.0,In-flight meal not included,6093
Jet Airways,2019-03-06,Banglore,New Delhi,20:35:00,09:30:00,775,1.0,No Info,17261
Multiple Carriers,2019-06-24,Delhi,Cochin,07:30:00,21:00:00,810,1.0,No Info,7740
Jet Airways,2019-05-18,Delhi,Cochin,21:50:00,04:25:00,395,1.0,In-flight meal not included,12373
Jet Airways,2019-06-27,Delhi,Cochin,06:45:00,12:35:00,1790,2.0,In-flight meal not included,10919
Air India,2019-05-09,Banglore,Delhi,10:00:00,12:45:00,165,0.0,No Info,5228
Spicejet,2019-06-24,Delhi,Cochin,06:05:00,11:20:00,315,1.0,No Info,5583
Jet Airways,2019-05-06,Kolkata,Banglore,18:55:00,16:20:00,1285,1.0,In-flight meal not included,7757
Multiple Carriers,2019-06-01,Delhi,Cochin,08:30:00,19:15:00,645,1.0,No Info,8937
Multiple Carriers,2019-06-03,Delhi,Cochin,11:25:00,19:00:00,455,1.0,No Info,10877
Spicejet,2019-06-03,Delhi,Cochin,17:55:00,22:50:00,295,1.0,No Info,5409
Jet Airways,2019-05-24,Kolkata,Banglore,06:30:00,16:20:00,590,1.0,In-flight meal not included,10844
Air Asia,2019-06-06,Banglore,Delhi,23:55:00,02:45:00,170,0.0,No Info,7120
Indigo,2019-03-09,Delhi,Cochin,05:35:00,08:50:00,195,0.0,No Info,6885
Jet Airways,2019-03-01,Banglore,New Delhi,08:55:00,21:20:00,745,1.0,1 Long layover,27992
Jet Airways,2019-05-21,Kolkata,Banglore,21:10:00,10:05:00,775,1.0,In-flight meal not included,8586
Air India,2019-05-09,Delhi,Cochin,05:00:00,19:15:00,2295,2.0,No Info,10441
Indigo,2019-06-24,Mumbai,Hyderabad,20:05:00,21:40:00,95,0.0,No Info,2227
Indigo,2019-05-15,Mumbai,Hyderabad,16:55:00,18:25:00,90,0.0,No Info,3175
Jet Airways,2019-06-01,Delhi,Cochin,11:00:00,14:15:00,195,0.0,In-flight meal not included,7202
Air Asia,2019-03-15,Kolkata,Banglore,22:50:00,01:20:00,150,0.0,No Info,3782
Indigo,2019-05-18,Kolkata,Banglore,17:35:00,22:15:00,280,1.0,No Info,5699
Jet Airways,2019-05-24,Kolkata,Banglore,16:30:00,22:35:00,365,1.0,In-flight meal not included,10844
Air India,2019-06-03,Delhi,Cochin,13:15:00,09:25:00,1210,2.0,No Info,10467
Jet Airways,2019-06-01,Delhi,Cochin,14:00:00,04:25:00,865,1.0,No Info,14714
Jet Airways,2019-06-03,Delhi,Cochin,18:15:00,12:35:00,1100,1.0,In-flight meal not included,10262
Indigo,2019-05-03,Banglore,Delhi,10:10:00,13:00:00,170,0.0,No Info,3943
Jet Airways,2019-03-27,Delhi,Cochin,19:10:00,19:45:00,1475,2.0,In-flight meal not included,8834
Air India,2019-03-18,Mumbai,Hyderabad,06:20:00,07:40:00,80,0.0,No Info,3100
Indigo,2019-05-21,Kolkata,Banglore,06:35:00,12:10:00,335,2.0,No Info,6103
Indigo,2019-06-12,Delhi,Cochin,17:05:00,22:25:00,320,1.0,No Info,6147
Jet Airways,2019-05-21,Kolkata,Banglore,21:10:00,22:35:00,1525,1.0,In-flight meal not included,10844
Air Asia,2019-05-09,Kolkata,Banglore,22:40:00,10:40:00,720,1.0,No Info,5192
Indigo,2019-06-01,Delhi,Cochin,08:30:00,21:00:00,750,1.0,No Info,6416
Jet Airways,2019-03-24,Kolkata,Banglore,19:45:00,04:45:00,540,1.0,No Info,13759
Goair,2019-06-27,Banglore,Delhi,07:45:00,10:40:00,175,0.0,No Info,3419
Jet Airways,2019-05-06,Kolkata,Banglore,06:30:00,10:05:00,1655,1.0,No Info,13941
Multiple Carriers,2019-05-18,Delhi,Cochin,10:00:00,01:30:00,930,1.0,No Info,8073
Jet Airways,2019-05-27,Mumbai,Hyderabad,02:55:00,04:20:00,85,0.0,In-flight meal not included,4050
Jet Airways,2019-05-21,Kolkata,Banglore,18:55:00,16:20:00,1285,1.0,In-flight meal not included,10844
Air India,2019-04-01,Kolkata,Banglore,17:30:00,12:00:00,1110,1.0,No Info,7893
Jet Airways,2019-06-03,Delhi,Cochin,22:50:00,04:25:00,335,1.0,In-flight meal not included,10262
Spicejet,2019-05-27,Chennai,Kolkata,17:45:00,20:05:00,140,0.0,No Info,3597
Jet Airways,2019-05-18,Kolkata,Banglore,14:05:00,12:00:00,1315,1.0,No Info,14388
Jet Airways,2019-03-06,Delhi,Cochin,16:00:00,19:45:00,1665,1.0,No Info,17024
Jet Airways,2019-05-15,Kolkata,Banglore,14:05:00,20:45:00,400,1.0,No Info,14781
Air India,2019-05-21,Kolkata,Banglore,08:20:00,21:50:00,810,2.0,No Info,10697
Jet Airways,2019-06-09,Kolkata,Banglore,08:25:00,04:40:00,1215,1.0,In-flight meal not included,8586
Vistara,2019-03-06,Mumbai,Hyderabad,11:55:00,09:25:00,1290,1.0,No Info,12395
Jet Airways,2019-03-03,Delhi,Cochin,20:50:00,04:25:00,455,1.0,No Info,17234
Indigo,2019-06-27,Banglore,Delhi,16:55:00,19:55:00,180,0.0,No Info,4823
Jet Airways,2019-04-24,Banglore,Delhi,15:15:00,18:10:00,175,0.0,No Info,7229
Jet Airways,2019-03-12,Banglore,New Delhi,22:55:00,07:40:00,525,1.0,In-flight meal not included,11087
Multiple Carriers,2019-06-03,Delhi,Cochin,08:45:00,21:00:00,735,1.0,No Info,7740
Air India,2019-05-18,Kolkata,Banglore,05:50:00,08:55:00,1625,2.0,No Info,12723
Air India,2019-05-12,Kolkata,Banglore,09:25:00,05:35:00,1210,2.0,No Info,11642
Air India,2019-04-24,Banglore,Delhi,17:00:00,19:45:00,165,0.0,No Info,6121
Air India,2019-04-01,Kolkata,Banglore,12:00:00,11:10:00,1390,2.0,No Info,9258
Air India,2019-03-01,Banglore,New Delhi,08:50:00,23:55:00,905,2.0,No Info,17345
Jet Airways,2019-06-24,Delhi,Cochin,09:25:00,04:25:00,1140,2.0,No Info,13882
Multiple Carriers,2019-06-06,Delhi,Cochin,11:40:00,19:15:00,455,1.0,No Info,8266
Multiple Carriers,2019-05-18,Delhi,Cochin,12:50:00,21:00:00,490,1.0,No Info,7670
Indigo,2019-03-15,Mumbai,Hyderabad,21:20:00,22:45:00,85,0.0,No Info,2754
Air India,2019-05-09,Kolkata,Banglore,16:50:00,13:45:00,1255,2.0,No Info,12592
Jet Airways,2019-03-18,Banglore,New Delhi,14:05:00,07:40:00,1055,1.0,In-flight meal not included,10972
Multiple Carriers,2019-06-12,Delhi,Cochin,06:00:00,19:00:00,780,1.0,No Info,11789
Jet Airways,2019-04-01,Kolkata,Banglore,20:00:00,19:50:00,1430,1.0,No Info,12681
Multiple Carriers,2019-03-21,Delhi,Cochin,07:30:00,19:15:00,705,1.0,No Info,10161
Jet Airways,2019-05-12,Kolkata,Banglore,14:05:00,23:35:00,570,1.0,No Info,14781
Jet Airways,2019-05-24,Banglore,Delhi,15:15:00,18:10:00,175,0.0,In-flight meal not included,4544
Indigo,2019-05-12,Chennai,Kolkata,05:15:00,07:40:00,145,0.0,No Info,3540
Air India,2019-03-12,Banglore,New Delhi,17:25:00,23:25:00,1800,2.0,No Info,12725
Vistara,2019-05-21,Kolkata,Banglore,07:10:00,09:05:00,1555,1.0,No Info,8452
Multiple Carriers,2019-05-18,Delhi,Cochin,11:30:00,01:30:00,840,1.0,No Info,13727
Jet Airways,2019-05-21,Kolkata,Banglore,06:30:00,16:20:00,590,1.0,In-flight meal not included,10844
Multiple Carriers,2019-03-06,Delhi,Cochin,09:45:00,16:10:00,385,1.0,No Info,10276
Jet Airways,2019-03-21,Delhi,Cochin,13:00:00,18:50:00,350,1.0,No Info,12347
Air Asia,2019-06-21,Kolkata,Banglore,19:55:00,22:25:00,150,0.0,No Info,4107
Jet Airways,2019-03-18,Banglore,New Delhi,11:40:00,05:05:00,1045,1.0,In-flight meal not included,11087
Jet Airways,2019-03-06,Banglore,New Delhi,21:25:00,09:30:00,725,1.0,No Info,17261
Air India,2019-03-21,Mumbai,Hyderabad,19:30:00,20:45:00,75,0.0,No Info,2575
Jet Airways,2019-06-03,Banglore,Delhi,17:45:00,20:45:00,180,0.0,No Info,8016
Jet Airways,2019-04-01,Kolkata,Banglore,06:30:00,16:20:00,590,1.0,In-flight meal not included,7851
Jet Airways,2019-06-12,Kolkata,Banglore,16:30:00,10:05:00,1055,1.0,No Info,13044
Indigo,2019-06-09,Delhi,Cochin,07:35:00,12:10:00,275,1.0,No Info,5054
Indigo,2019-06-12,Banglore,Delhi,18:55:00,21:50:00,175,0.0,No Info,4823
Vistara,2019-05-01,Kolkata,Banglore,17:00:00,18:50:00,1550,1.0,No Info,8610
Jet Airways,2019-05-27,Delhi,Cochin,19:45:00,19:00:00,1395,1.0,In-flight meal not included,12898
Multiple Carriers,2019-03-03,Delhi,Cochin,09:45:00,16:10:00,385,1.0,No Info,11265
Air India,2019-03-06,Delhi,Cochin,07:00:00,07:40:00,1480,1.0,No Info,15407
Multiple Carriers,2019-03-06,Delhi,Cochin,07:30:00,18:50:00,680,1.0,No Info,15411
Air India,2019-03-01,Banglore,New Delhi,08:50:00,09:25:00,1475,2.0,No Info,25430
Jet Airways,2019-05-21,Delhi,Cochin,15:00:00,19:00:00,1680,1.0,No Info,16079
Indigo,2019-06-15,Kolkata,Banglore,04:40:00,07:15:00,155,0.0,No Info,4804
Multiple Carriers,2019-05-27,Delhi,Cochin,08:45:00,19:15:00,630,1.0,No Info,10051
Multiple Carriers,2019-03-21,Delhi,Cochin,11:40:00,21:00:00,560,1.0,No Info,7215
Jet Airways,2019-03-12,Banglore,New Delhi,22:55:00,20:20:00,1285,1.0,In-flight meal not included,11087
Multiple Carriers,2019-05-27,Delhi,Cochin,07:30:00,19:00:00,690,1.0,No Info,9315
Multiple Carriers,2019-05-27,Delhi,Cochin,11:30:00,21:00:00,570,1.0,No Info,13587
Multiple Carriers,2019-06-24,Delhi,Cochin,11:40:00,01:30:00,830,1.0,In-flight meal not included,5797
Jet Airways,2019-06-09,Kolkata,Banglore,06:30:00,19:50:00,800,1.0,In-flight meal not included,10844
Air India,2019-03-09,Delhi,Cochin,17:20:00,09:25:00,965,1.0,No Info,12415
Air India,2019-06-09,Kolkata,Banglore,09:25:00,05:35:00,1210,2.0,No Info,11642
Jet Airways,2019-06-24,Delhi,Cochin,14:00:00,19:00:00,300,1.0,In-flight meal not included,10262
Indigo,2019-05-24,Kolkata,Banglore,21:00:00,02:15:00,315,1.0,No Info,6534
Jet Airways,2019-06-09,Kolkata,Banglore,09:35:00,22:05:00,750,1.0,In-flight meal not included,13994
Air India,2019-04-09,Delhi,Cochin,08:00:00,19:15:00,675,1.0,No Info,6377
Jet Airways,2019-05-09,Mumbai,Hyderabad,02:55:00,04:20:00,85,0.0,In-flight meal not included,3210
Multiple Carriers,2019-06-12,Delhi,Cochin,04:55:00,19:15:00,860,1.0,No Info,7155
Air India,2019-05-21,Kolkata,Banglore,16:50:00,13:45:00,1255,2.0,No Info,13484
Jet Airways,2019-03-27,Delhi,Cochin,08:00:00,18:50:00,650,1.0,No Info,12242
Indigo,2019-06-06,Delhi,Cochin,08:30:00,21:00:00,750,1.0,No Info,6416
Jet Airways,2019-05-06,Kolkata,Banglore,06:30:00,04:40:00,1330,1.0,In-flight meal not included,8586
Jet Airways,2019-05-18,Banglore,Delhi,19:50:00,22:50:00,180,0.0,In-flight meal not included,5198
Jet Airways,2019-06-24,Delhi,Cochin,20:55:00,12:35:00,940,1.0,In-flight meal not included,10262
Jet Airways,2019-03-18,Banglore,New Delhi,14:05:00,19:10:00,305,1.0,No Info,14815
Multiple Carriers,2019-03-27,Delhi,Cochin,11:40:00,19:15:00,455,1.0,No Info,6953
Air India,2019-06-24,Delhi,Cochin,12:55:00,19:15:00,1820,2.0,No Info,12436
Multiple Carriers,2019-05-21,Delhi,Cochin,10:20:00,19:15:00,535,1.0,No Info,8266
Air Asia,2019-05-21,Kolkata,Banglore,19:55:00,23:30:00,215,1.0,No Info,5162
Multiple Carriers,2019-06-06,Delhi,Cochin,07:05:00,21:00:00,835,1.0,No Info,13587
Indigo,2019-05-12,Chennai,Kolkata,14:45:00,17:05:00,140,0.0,No Info,3858
Jet Airways,2019-05-15,Banglore,Delhi,18:55:00,22:00:00,185,0.0,In-flight meal not included,4030
Jet Airways,2019-04-01,Banglore,Delhi,15:15:00,18:10:00,175,0.0,No Info,7229
Jet Airways,2019-04-18,Banglore,Delhi,07:10:00,10:10:00,180,0.0,No Info,7229
Air India,2019-06-27,Delhi,Cochin,05:15:00,06:50:00,1535,1.0,No Info,6587
Jet Airways,2019-05-18,Kolkata,Banglore,09:35:00,14:25:00,1730,1.0,No Info,13067
Spicejet,2019-05-24,Kolkata,Banglore,06:55:00,09:30:00,155,0.0,No check-in baggage included,3841
Jet Airways,2019-03-03,Delhi,Cochin,18:20:00,18:50:00,1470,2.0,No Info,20747
Air India,2019-06-09,Kolkata,Banglore,12:00:00,11:10:00,1390,2.0,No Info,10151
Air India,2019-05-24,Kolkata,Banglore,14:15:00,16:45:00,150,0.0,No Info,5510
Jet Airways,2019-06-27,Delhi,Cochin,08:00:00,19:00:00,660,1.0,In-flight meal not included,10262
Spicejet,2019-03-01,Chennai,Kolkata,09:30:00,12:05:00,155,0.0,No Info,7298
Indigo,2019-05-06,Delhi,Cochin,07:30:00,21:00:00,810,1.0,No Info,7191
Multiple Carriers,2019-05-18,Delhi,Cochin,03:50:00,19:00:00,910,1.0,No Info,10197
Indigo,2019-05-12,Delhi,Cochin,14:25:00,17:40:00,195,0.0,No Info,5000
Jet Airways,2019-06-06,Kolkata,Banglore,16:30:00,23:35:00,425,1.0,No Info,14571
Air India,2019-03-15,Mumbai,Hyderabad,21:05:00,22:25:00,80,0.0,No Info,3100
Air India,2019-05-21,Kolkata,Banglore,12:00:00,13:15:00,1515,1.0,No Info,7662
Air India,2019-06-06,Delhi,Cochin,10:55:00,07:40:00,1245,2.0,No Info,11753
Jet Airways,2019-05-27,Delhi,Cochin,10:00:00,04:25:00,1105,1.0,In-flight meal not included,12898
Indigo,2019-06-03,Banglore,Delhi,00:25:00,03:15:00,170,0.0,No Info,3943
Air India,2019-06-18,Delhi,Cochin,14:05:00,17:55:00,230,0.0,No Info,5201
Multiple Carriers,2019-03-09,Delhi,Cochin,06:00:00,19:45:00,825,1.0,No Info,13941
Jet Airways,2019-06-12,Kolkata,Banglore,09:35:00,18:00:00,505,1.0,No Info,12692
Jet Airways,2019-06-09,Delhi,Cochin,18:15:00,19:00:00,1485,1.0,In-flight meal not included,10577
Indigo,2019-03-06,Delhi,Cochin,05:05:00,10:05:00,300,1.0,No Info,7894
Jet Airways,2019-03-24,Kolkata,Banglore,21:10:00,23:25:00,1575,1.0,In-flight meal not included,10031
Air India,2019-05-09,Delhi,Cochin,05:55:00,19:15:00,800,2.0,No Info,10861
Air India,2019-05-09,Delhi,Cochin,05:10:00,08:00:00,170,0.0,No Info,5201
Multiple Carriers,2019-06-09,Delhi,Cochin,07:00:00,19:00:00,720,1.0,No Info,12192
Multiple Carriers,2019-05-21,Delhi,Cochin,09:00:00,21:00:00,720,1.0,No Info,7888
Jet Airways,2019-04-01,Kolkata,Banglore,16:30:00,04:40:00,730,1.0,No Info,12681
Indigo,2019-06-03,Banglore,Delhi,21:15:00,00:15:00,180,0.0,No Info,3943
Multiple Carriers,2019-04-09,Delhi,Cochin,06:00:00,13:20:00,440,1.0,No Info,8323
Spicejet,2019-06-21,Banglore,Delhi,05:55:00,08:35:00,160,0.0,No check-in baggage included,3919
Air India,2019-03-09,Delhi,Cochin,08:40:00,19:15:00,635,1.0,No Info,18959
Jet Airways,2019-03-09,Mumbai,Hyderabad,06:30:00,08:00:00,90,0.0,No Info,8040
Spicejet,2019-04-15,Banglore,Delhi,05:55:00,08:35:00,160,0.0,No check-in baggage included,4319
Jet Airways,2019-05-21,Kolkata,Banglore,18:55:00,12:00:00,1025,1.0,In-flight meal not included,10844
Goair,2019-05-24,Kolkata,Banglore,23:30:00,07:45:00,495,1.0,No Info,7335
Jet Airways,2019-05-18,Kolkata,Banglore,20:25:00,23:35:00,1630,1.0,No Info,14151
Air India,2019-05-27,Mumbai,Hyderabad,19:30:00,20:45:00,75,0.0,No Info,3100
Indigo,2019-03-21,Delhi,Cochin,10:45:00,01:35:00,890,1.0,No Info,7318
Jet Airways,2019-05-18,Kolkata,Banglore,05:45:00,12:00:00,375,1.0,In-flight meal not included,8586
Jet Airways,2019-06-15,Delhi,Cochin,09:00:00,04:25:00,1165,1.0,In-flight meal not included,10262
Vistara,2019-03-01,Banglore,New Delhi,11:30:00,14:10:00,160,0.0,No Info,12648
Indigo,2019-03-01,Mumbai,Hyderabad,02:30:00,04:00:00,90,0.0,No Info,16000
Multiple Carriers,2019-03-09,Delhi,Cochin,06:40:00,19:45:00,785,1.0,No Info,12615
Multiple Carriers,2019-03-06,Delhi,Cochin,13:00:00,01:35:00,755,1.0,In-flight meal not included,15136
Indigo,2019-05-27,Chennai,Kolkata,19:35:00,21:55:00,140,0.0,No Info,3597
Vistara,2019-03-06,Delhi,Cochin,06:00:00,09:10:00,190,0.0,No Info,12411
Multiple Carriers,2019-06-03,Delhi,Cochin,07:30:00,19:15:00,705,1.0,No Info,9736
Multiple Carriers,2019-03-06,Delhi,Cochin,06:00:00,19:15:00,795,1.0,No Info,15353
Indigo,2019-03-09,Banglore,New Delhi,10:30:00,13:20:00,170,0.0,No Info,6860
Air India,2019-05-09,Chennai,Kolkata,11:40:00,13:55:00,135,0.0,No Info,4667
Multiple Carriers,2019-05-09,Delhi,Cochin,06:00:00,19:00:00,780,1.0,No Info,9794
Jet Airways,2019-06-09,Delhi,Cochin,21:50:00,04:25:00,395,1.0,In-flight meal not included,10262
Air India,2019-03-27,Delhi,Cochin,13:05:00,07:40:00,1115,2.0,No Info,8892
Jet Airways,2019-05-12,Kolkata,Banglore,20:25:00,14:25:00,1080,1.0,No Info,13067
Multiple Carriers,2019-05-09,Delhi,Cochin,10:00:00,19:15:00,555,1.0,No Info,14323
Multiple Carriers,2019-05-01,Delhi,Cochin,19:00:00,01:30:00,390,1.0,No Info,9424
Indigo,2019-03-03,Delhi,Cochin,10:45:00,15:30:00,285,1.0,No Info,7725
Jet Airways,2019-06-12,Kolkata,Banglore,06:30:00,04:40:00,1330,1.0,No Info,12739
Jet Airways,2019-05-09,Kolkata,Banglore,16:30:00,18:15:00,1545,1.0,No Info,13941
Jet Airways,2019-06-03,Banglore,Delhi,07:10:00,10:10:00,180,0.0,In-flight meal not included,5769
Indigo,2019-03-15,Chennai,Kolkata,13:20:00,15:35:00,135,0.0,No Info,6297
Indigo,2019-03-24,Banglore,New Delhi,00:40:00,03:25:00,165,0.0,No Info,4238
Vistara,2019-06-27,Chennai,Kolkata,07:05:00,09:20:00,135,0.0,No Info,3687
Jet Airways,2019-05-18,Kolkata,Banglore,05:45:00,16:20:00,635,1.0,In-flight meal not included,10844
Jet Airways,2019-03-21,Delhi,Cochin,05:40:00,04:25:00,1365,2.0,In-flight meal not included,9181
Air Asia,2019-06-27,Delhi,Cochin,07:55:00,13:25:00,330,1.0,No Info,6152
Multiple Carriers,2019-05-09,Delhi,Cochin,10:20:00,01:30:00,910,1.0,No Info,9021
Air India,2019-03-24,Kolkata,Banglore,16:50:00,18:30:00,1540,1.0,No Info,14641
Indigo,2019-04-06,Banglore,Delhi,23:30:00,02:20:00,170,0.0,No Info,4591
Jet Airways,2019-05-21,Kolkata,Banglore,10:20:00,17:35:00,435,1.0,No Info,8355
Air India,2019-05-06,Kolkata,Banglore,10:00:00,10:00:00,1440,2.0,No Info,14298
Indigo,2019-05-18,Delhi,Cochin,05:05:00,16:10:00,665,1.0,No Info,6818
Air India,2019-06-12,Delhi,Cochin,12:55:00,19:15:00,1820,2.0,No Info,12436
Indigo,2019-05-21,Banglore,Delhi,00:30:00,03:25:00,175,0.0,No Info,3419
Indigo,2019-05-15,Chennai,Kolkata,11:35:00,14:00:00,145,0.0,No Info,4332
Jet Airways,2019-06-06,Banglore,Delhi,07:10:00,10:10:00,180,0.0,No Info,8016
Multiple Carriers,2019-06-01,Delhi,Cochin,08:00:00,19:15:00,675,1.0,No Info,16108
Air India,2019-03-01,Banglore,New Delhi,17:00:00,23:10:00,370,1.0,No Info,11628
Indigo,2019-04-24,Banglore,Delhi,01:30:00,04:15:00,165,0.0,No Info,3419
Indigo,2019-03-09,Kolkata,Banglore,22:10:00,00:55:00,165,0.0,No Info,4148
Air India,2019-06-03,Banglore,Delhi,17:00:00,19:45:00,165,0.0,No Info,6961
Jet Airways,2019-03-03,Delhi,Cochin,05:40:00,18:50:00,2230,2.0,No Info,21314
Goair,2019-06-01,Banglore,Delhi,11:40:00,14:30:00,170,0.0,No Info,3898
Indigo,2019-06-27,Mumbai,Hyderabad,19:05:00,20:35:00,90,0.0,No Info,2754
Jet Airways,2019-05-27,Delhi,Cochin,07:05:00,12:35:00,330,1.0,In-flight meal not included,12898
Multiple Carriers,2019-06-27,Delhi,Cochin,15:05:00,01:30:00,625,2.0,No Info,15965
Indigo,2019-05-21,Delhi,Cochin,07:15:00,12:30:00,315,1.0,No Info,5636
Indigo,2019-03-06,Kolkata,Banglore,21:25:00,00:05:00,160,0.0,No Info,4778
Jet Airways,2019-05-09,Delhi,Cochin,21:50:00,19:00:00,1270,1.0,No Info,15554
Jet Airways,2019-06-09,Delhi,Cochin,07:05:00,19:00:00,715,1.0,In-flight meal not included,10262
Jet Airways,2019-03-06,Banglore,New Delhi,20:35:00,08:15:00,700,1.0,No Info,16736
Air India,2019-06-18,Mumbai,Hyderabad,15:00:00,16:25:00,85,0.0,No Info,3100
Indigo,2019-05-15,Delhi,Cochin,06:50:00,12:10:00,320,1.0,No Info,5298
Air India,2019-04-06,Delhi,Cochin,17:20:00,09:25:00,965,1.0,No Info,4697
Jet Airways,2019-03-06,Banglore,New Delhi,08:55:00,09:00:00,1445,1.0,In-flight meal not included,13712
Jet Airways,2019-05-12,Kolkata,Banglore,09:35:00,22:05:00,750,1.0,No Info,14151
Jet Airways,2019-06-18,Banglore,Delhi,19:50:00,22:50:00,180,0.0,No Info,8016
Jet Airways,2019-06-15,Delhi,Cochin,19:45:00,12:35:00,1010,1.0,In-flight meal not included,10262
Air India,2019-03-03,Banglore,New Delhi,06:10:00,08:55:00,165,0.0,No Info,7591
Spicejet,2019-05-24,Mumbai,Hyderabad,05:45:00,07:15:00,90,0.0,No Info,2017
Indigo,2019-06-21,Banglore,Delhi,06:05:00,08:50:00,165,0.0,No Info,3943
Spicejet,2019-06-24,Chennai,Kolkata,17:45:00,20:05:00,140,0.0,No Info,3597
Jet Airways,2019-05-09,Delhi,Cochin,10:00:00,04:25:00,1105,1.0,In-flight meal not included,12373
Jet Airways,2019-03-27,Mumbai,Hyderabad,10:20:00,11:50:00,90,0.0,No Info,8040
Indigo,2019-03-09,Delhi,Cochin,15:00:00,01:35:00,635,1.0,No Info,13611
Indigo,2019-06-21,Banglore,Delhi,04:00:00,06:50:00,170,0.0,No Info,3943
Multiple Carriers,2019-03-09,Delhi,Cochin,04:00:00,12:55:00,535,1.0,No Info,16259
Air Asia,2019-03-24,Banglore,New Delhi,23:25:00,02:10:00,165,0.0,No Info,4482
Spicejet,2019-06-06,Chennai,Kolkata,09:45:00,12:00:00,135,0.0,No check-in baggage included,3543
Jet Airways,2019-04-21,Delhi,Cochin,11:00:00,14:15:00,195,0.0,In-flight meal not included,7202
Jet Airways,2019-06-27,Delhi,Cochin,22:50:00,04:25:00,335,1.0,No Info,16079
Jet Airways,2019-06-06,Kolkata,Banglore,18:55:00,16:20:00,1285,1.0,In-flight meal not included,10844
Jet Airways,2019-05-15,Kolkata,Banglore,16:30:00,23:35:00,425,1.0,In-flight meal not included,8586
Multiple Carriers,2019-05-15,Delhi,Cochin,12:50:00,19:15:00,385,1.0,No Info,8266
Jet Airways,2019-04-06,Delhi,Cochin,14:00:00,19:00:00,300,1.0,In-flight meal not included,5177
Air India,2019-03-27,Mumbai,Hyderabad,06:20:00,07:40:00,80,0.0,No Info,2575
Jet Airways,2019-03-21,Delhi,Cochin,19:10:00,18:50:00,1420,2.0,No Info,10929
Vistara,2019-04-09,Delhi,Cochin,06:00:00,09:10:00,190,0.0,No Info,5586
Multiple Carriers,2019-05-18,Delhi,Cochin,08:00:00,19:00:00,660,1.0,No Info,10197
